{
    "defaults": {
      "gravity": -14.7,
      "friction": 0.4,
      "density": 0.0,
      "restitution": 0.1,
      "volume": 0.8
    },
    "goal": {
      "density": 0.0,
      "friction": 0.0,
      "restitution": 0.0
    },
    "player": {
      "shrink": [0.95, 0.7],
      "force": 20.0,
      "damping": 10.0,
      "density": 1.0,
      "friction": 0.0,
      "maxspeed": 3.0,
      "jump_force": 5.5,
      "jump_cool": 30,
      "shot_cool": 40,
      "sensor": {
        "shrink": 0.6,
        "height": 0.05
      }
    },
    "GroundedBee": {
      "shrink": [0.95, 0.7],
      "force": 20.0,
      "damping": 10.0,
      "density": 1.0,
      "friction": 0.0,
      "maxspeed": 3.0,
      "jump_force": 5.5,
      "jump_cool": 30,
      "shot_cool": 40,
      "sensor": {
        "shrink": 0.6,
        "height": 0.05
      },

      "ai_controller_options": {
        "enemy_type": 1,
        "chase_distance": 3,
        "wander_radius": 3.5,
        "target": 0,
        "wander_speed_factor": 0.5,
        "chase_speed_factor": 0.5,
        "check_fall_off_platform": 1
      }
    },
  "FlyingBee": {
    "shrink": [
      0.95,
      0.7
    ],
    "force": 20.0,
    "damping": 10.0,
    "density": 1.0,
    "friction": 0.0,
    "maxspeed": 3.0,
    "jump_force": 5.5,
    "jump_cool": 30,
    "shot_cool": 40,
    "sensor": {
      "shrink": 0.1,
      "height": 0.05
    },
    "ai_controller_options": {
      "enemy_type": 0,
      "chase_distance": 3,
      "wander_radius": 3.5,
      "target": 0,
      "wander_speed_factor": 0.5,
      "chase_speed_factor": 0.5,
      "check_fall_off_platform": 0
    }
  }
}